Lenovo V15 Celeron DC N4020 купить Бишкек, Кыргызстан|19419 Сом|https://enter.kg//images/stories/virtuemart/product/1_1387.jpg
Lenovo V15 Celeron DC N4020 купить Бишкек, Кыргызстан|19419 Сом|https://enter.kg//images/stories/virtuemart/product/1_5532_5583.jpg
Lenovo V15 Celeron DC N4020 купить Бишкек, Кыргызстан|19920 Сом|https://enter.kg//images/stories/virtuemart/product/1_7426.jpg
Lenovo V15 Celeron DC N4020 купить Бишкек, Кыргызстан|19920 Сом|https://enter.kg//images/stories/virtuemart/product/1_5954_7734.jpg
Ноутбук Lenovo V15, Celeron N4020(up купить Бишкек, Кыргызстан|19920 Сом|https://enter.kg//images/stories/virtuemart/product/2_6370.jpg
Lenovo V15 Celeron DC N4020 купить Бишкек, Кыргызстан|20220 Сом|https://enter.kg//images/stories/virtuemart/product/1_8807_5890.jpg
Ноутбук Lenovo V15, Celeron N4020(up купить Бишкек, Кыргызстан|20220 Сом|https://enter.kg//images/stories/virtuemart/product/2_5153_5796.jpg
Ноутбук Lenovo V14-82C2 Intel N4020 купить Бишкек, Кыргызстан|21021 Сом|https://enter.kg//images/stories/virtuemart/product/1_4407.png
Ноутбук Lenovo V15 IGL, Celeron купить Бишкек, Кыргызстан|21021 Сом|https://enter.kg//images/stories/virtuemart/product/2_5079_7954.jpg
Lenovo V15 Celeron DC N4020 купить Бишкек, Кыргызстан|21321 Сом|https://enter.kg//images/stories/virtuemart/product/1_7648_1586.jpg
Ноутбук Lenovo V15-82C3 Intel N4020 купить Бишкек, Кыргызстан|22022 Сом|https://enter.kg//images/stories/virtuemart/product/1_3344_3597.jpg
"Lenovo IP3 Celeron N4020 1.1-2.8GHz,4GB,1TB,15.6"" купить Бишкек, Кыргызстан"|22823 Сом|https://enter.kg//images/stories/virtuemart/product/1_4801_3627.jpg
HP 250 G8 27K11EA N4020 купить Бишкек, Кыргызстан|22923 Сом|https://enter.kg//images/stories/virtuemart/product/2(1)_1559.jpg
Notebook YEPO Silver Intel Quad купить Бишкек, Кыргызстан|23023 Сом|https://enter.kg//images/stories/virtuemart/product/1_2528_7347_1054.jpg
Lenovo IP3 Celeron DC  купить Бишкек, Кыргызстан|23123 Сом|https://enter.kg//images/stories/virtuemart/product/1_7338.jpg
Lenovo IP3 Celeron DC  купить Бишкек, Кыргызстан|23123 Сом|https://enter.kg//images/stories/virtuemart/product/2_4625.jpg
Ноутбук HP 250 G8 Intel купить Бишкек, Кыргызстан|23223 Сом|https://enter.kg//images/stories/virtuemart/product/2_4640.jpg
Notebook YEPO Silver Intel Quad купить Бишкек, Кыргызстан|23524 Сом|https://enter.kg//images/stories/virtuemart/product/1_6497_1615.jpg
Ноутбук Lenovo V14-82C2 Intel N4020 купить Бишкек, Кыргызстан|23524 Сом|https://enter.kg//images/stories/virtuemart/product/1_3593.png
Ноутбук Lenovo V15-82C3 Intel N4020 купить Бишкек, Кыргызстан|24024 Сом|https://enter.kg//images/stories/virtuemart/product/1_7094.jpg
Lenovo Ideapad S145-15API Silver AMD купить Бишкек, Кыргызстан|24525 Сом|https://enter.kg//images/stories/virtuemart/product/2(1)_1567.jpg
Lenovo Ideapad S145-15API Silver AMD купить Бишкек, Кыргызстан|24525 Сом|https://enter.kg//images/stories/virtuemart/product/2(1)_4398.jpg
Notebook YEPO Silver Intel Quad купить Бишкек, Кыргызстан|24525 Сом|https://enter.kg//images/stories/virtuemart/product/2_5672.jpg
Ноутбук Gateway GWTN156 Intel Pentium купить Бишкек, Кыргызстан|24525 Сом|https://enter.kg//images/stories/virtuemart/product/2_3917_8118.jpg
Ноутбук Lenovo Ideapad IP3 Intel купить Бишкек, Кыргызстан|24525 Сом|https://enter.kg//images/stories/virtuemart/product/2(1)_2524_3988.jpg
Ноутбук HP 250 G8 Intel купить Бишкек, Кыргызстан|24625 Сом|https://enter.kg//images/stories/virtuemart/product/2_3479_7858.jpg
Lenovo Ideapad S145-15API Silver AMD купить Бишкек, Кыргызстан|25025 Сом|https://enter.kg//images/stories/virtuemart/product/2(1)_2226.jpg
Lenovo Ideapad S145-15API Silver AMD купить Бишкек, Кыргызстан|25025 Сом|https://enter.kg//images/stories/virtuemart/product/2(1)_4836.jpg
Acer Aspire A315-34 Black Intel купить Бишкек, Кыргызстан|25125 Сом|https://enter.kg//images/stories/virtuemart/product/2(1)_2358.jpg
Acer Aspire A315-34 Black Intel купить Бишкек, Кыргызстан|25325 Сом|https://enter.kg//images/stories/virtuemart/product/2(1)_8933.jpg
Lenovo Ideapad V14 Iron Grey купить Бишкек, Кыргызстан|25325 Сом|https://enter.kg//images/stories/virtuemart/product/2(1)_3957.jpg
Lenovo Ideapad V14 Iron Grey купить Бишкек, Кыргызстан|25325 Сом|https://enter.kg//images/stories/virtuemart/product/2(1)_8110.jpg
Ноутбук Gateway GWTN156 Intel Pentium купить Бишкек, Кыргызстан|25425 Сом|https://enter.kg//images/stories/virtuemart/product/2_7876_3720.jpg
Acer Aspire A315-34 Black Intel купить Бишкек, Кыргызстан|25526 Сом|https://enter.kg//images/stories/virtuemart/product/2(1)_2569.jpg
Lenovo Ideapad S145-15API Silver AMD купить Бишкек, Кыргызстан|25526 Сом|https://enter.kg//images/stories/virtuemart/product/2(1)_4467.jpg
Lenovo Ideapad S145-15API Silver AMD купить Бишкек, Кыргызстан|25526 Сом|https://enter.kg//images/stories/virtuemart/product/2(1)_7949.jpg
Lenovo Ideapad S145-15API Silver AMD купить Бишкек, Кыргызстан|25526 Сом|https://enter.kg//images/stories/virtuemart/product/2(1)_1204.jpg
Lenovo Ideapad V14 Iron Grey купить Бишкек, Кыргызстан|25526 Сом|https://enter.kg//images/stories/virtuemart/product/2(1)_5931.jpg
Ноутбук HP 240 G8UMA Pentium купить Бишкек, Кыргызстан|25526 Сом|https://enter.kg//images/stories/virtuemart/product/2(1)_3978.jpg
Ноутбук HP 250 G8 Intel купить Бишкек, Кыргызстан|25626 Сом|https://enter.kg//images/stories/virtuemart/product/2_7229.jpg
Acer Aspire A315-34 Black Intel купить Бишкек, Кыргызстан|25726 Сом|https://enter.kg//images/stories/virtuemart/product/2(1)_8483.jpg
HP 15-dw1495nia (6J5C0EA) N4120 Quadcore купить Бишкек, Кыргызстан|25926 Сом|https://enter.kg//images/stories/virtuemart/product/2_7987.jpg
HP 15-dw1495nia (6J5C0EA) N4120 Quadcore купить Бишкек, Кыргызстан|25926 Сом|https://enter.kg//images/stories/virtuemart/product/2_7489.jpg
Lenovo Ideapad S145-15API Silver AMD купить Бишкек, Кыргызстан|26026 Сом|https://enter.kg//images/stories/virtuemart/product/2(1)_2370.jpg
Lenovo Ideapad S145-15API Silver AMD купить Бишкек, Кыргызстан|26026 Сом|https://enter.kg//images/stories/virtuemart/product/2(1)_6299.jpg
Ноутбук HP 240 G8UMA Pentium купить Бишкек, Кыргызстан|26026 Сом|https://enter.kg//images/stories/virtuemart/product/2(1)_1639.jpg
Lenovo Ideapad V14 Iron Grey купить Бишкек, Кыргызстан|26126 Сом|https://enter.kg//images/stories/virtuemart/product/2(1)_3386.jpg
Acer Aspire A315-34 Black Intel купить Бишкек, Кыргызстан|26627 Сом|https://enter.kg//images/stories/virtuemart/product/2(1)_5536.jpg
Acer Aspire A315-34 Black Intel купить Бишкек, Кыргызстан|26627 Сом|https://enter.kg//images/stories/virtuemart/product/2(1)_4457.jpg
Ноутбук Gateway ULTRA SLIM i3-1115G4 купить Бишкек, Кыргызстан|26627 Сом|https://enter.kg//images/stories/virtuemart/product/2_7041.jpg
HP 15-dw1495nia (6J5C0EA) N4120 Quadcore купить Бишкек, Кыргызстан|26727 Сом|https://enter.kg//images/stories/virtuemart/product/2_6478.jpg
Lenovo Ideapad S145-15API Silver AMD купить Бишкек, Кыргызстан|26727 Сом|https://enter.kg//images/stories/virtuemart/product/2(1)_5493.jpg
Ноутбук Gateway ULTRA SLIM i3-1115G4 купить Бишкек, Кыргызстан|26727 Сом|https://enter.kg//images/stories/virtuemart/product/1691494758_11564900_3094.jpg
Acer Aspire A315-34 Black Intel купить Бишкек, Кыргызстан|26827 Сом|https://enter.kg//images/stories/virtuemart/product/2(1)_7110.jpg
HP 240 G8 32M66EA N5030 купить Бишкек, Кыргызстан|26927 Сом|https://enter.kg//images/stories/virtuemart/product/2(1)_3638.jpg
HP 240 G8UMA (32M66EA) Pentium купить Бишкек, Кыргызстан|26927 Сом|https://enter.kg//images/stories/virtuemart/product/1_6230.png
Acer Aspire A315-34 Black Intel купить Бишкек, Кыргызстан|27027 Сом|https://enter.kg//images/stories/virtuemart/product/2(1)_5995.jpg
"Ноутбук ASUS-X543M/Intel N4020/DDR4 4GB/1TB/15.6""/DVDRW/1B-Star Grey/Win10/Rus+Eng купить Бишкек, Кыргызстан"|27027 Сом|https://enter.kg//images/stories/virtuemart/product/1_4771_6308.jpg
Ноутбук Dell 5470 Intel Celeron купить Бишкек, Кыргызстан|27027 Сом|https://enter.kg//images/stories/virtuemart/product/2(1)_3815.jpg
Acer Aspire A315-34 Black Intel купить Бишкек, Кыргызстан|27227 Сом|https://enter.kg//images/stories/virtuemart/product/2(1)_5786.jpg
HP 15-dw1495nia (6J5C0EA) N4120 Quadcore купить Бишкек, Кыргызстан|27327 Сом|https://enter.kg//images/stories/virtuemart/product/2_8078.jpg
Lenovo Ideapad 3 15ADA6 Arctic купить Бишкек, Кыргызстан|27528 Сом|https://enter.kg//images/stories/virtuemart/product/2(1)_5678.jpg
Lenovo Ideapad 3 15ADA6 Arctic купить Бишкек, Кыргызстан|27528 Сом|https://enter.kg//images/stories/virtuemart/product/2(1)_7440.jpg
Lenovo Ideapad 3 Silver Intel купить Бишкек, Кыргызстан|27528 Сом|https://enter.kg//images/stories/virtuemart/product/2(1)_6519.jpg
Lenovo Ideapad S145-15API Silver AMD купить Бишкек, Кыргызстан|27528 Сом|https://enter.kg//images/stories/virtuemart/product/2(1)_8621.jpg
Lenovo Ideapad V14 Iron Grey купить Бишкек, Кыргызстан|27628 Сом|https://enter.kg//images/stories/virtuemart/product/2(1)_3370.jpg
Ноутбук Acer Aspire 3 A315-35 купить Бишкек, Кыргызстан|27628 Сом|https://enter.kg//images/stories/virtuemart/product/2(1)_7424.jpg
Lenovo Ideapad S145-15API Silver AMD купить Бишкек, Кыргызстан|27728 Сом|https://enter.kg//images/stories/virtuemart/product/2(1)_6979.jpg
Lenovo Ideapad 3 Silver Intel купить Бишкек, Кыргызстан|27828 Сом|https://enter.kg//images/stories/virtuemart/product/2(1)_7956.jpg
Lenovo Ideapad S145-15API Silver AMD купить Бишкек, Кыргызстан|27828 Сом|https://enter.kg//images/stories/virtuemart/product/2(1)_1179.jpg
Lenovo V14 Celeron DC N4020 купить Бишкек, Кыргызстан|27928 Сом|https://enter.kg//images/stories/virtuemart/product/ww-lenovo-laptop-v14-amd-hero_3169.webp
Ноутбук Lenovo IdeaPad L3 15ITL6 купить Бишкек, Кыргызстан|27928 Сом|https://enter.kg//images/stories/virtuemart/product/2(1)_5802.jpg
Acer Aspire A315-34 Black Intel купить Бишкек, Кыргызстан|28028 Сом|https://enter.kg//images/stories/virtuemart/product/2(1)_8285_6555.jpg
HP 250 G8 Black Intel купить Бишкек, Кыргызстан|28028 Сом|https://enter.kg//images/stories/virtuemart/product/2_4786.jpg
HP 250 G8 Black Intel купить Бишкек, Кыргызстан|28028 Сом|https://enter.kg//images/stories/virtuemart/product/2_6583.jpg
Lenovo Ideapad 3 15ADA6 Arctic купить Бишкек, Кыргызстан|28028 Сом|https://enter.kg//images/stories/virtuemart/product/2(1)_1334.jpg
Lenovo Ideapad 3 15ADA6 Arctic купить Бишкек, Кыргызстан|28028 Сом|https://enter.kg//images/stories/virtuemart/product/2(1)_7258.jpg
Lenovo Ideapad 3 Silver Intel купить Бишкек, Кыргызстан|28028 Сом|https://enter.kg//images/stories/virtuemart/product/2(1)_3543.jpg
Lenovo Ideapad S145 Black Ryzen купить Бишкек, Кыргызстан|28028 Сом|https://enter.kg//images/stories/virtuemart/product/2(1)_2344.jpg
Lenovo Ideapad S145 Black Ryzen купить Бишкек, Кыргызстан|28028 Сом|https://enter.kg//images/stories/virtuemart/product/2(1)_4014.jpg
Ноутбук Dell 5470 Intel Celeron купить Бишкек, Кыргызстан|28028 Сом|https://enter.kg//images/stories/virtuemart/product/2(1)_8528.jpg
Ноутбук Gateway ULTRA SLIM i3-1115G4 купить Бишкек, Кыргызстан|28028 Сом|https://enter.kg//images/stories/virtuemart/product/2_8942.jpg
Ноутбук HP 15s-eq1136ur 22P99EA#ACB AMD купить Бишкек, Кыргызстан|28028 Сом|https://enter.kg//images/stories/virtuemart/product/1_1655.jfif
Ноутбук HP 240 G8UMA Pentium купить Бишкек, Кыргызстан|28028 Сом|https://enter.kg//images/stories/virtuemart/product/2(1)_3357.jpg
Ноутбук Lenovo IdeaPad L3 15ITL6 купить Бишкек, Кыргызстан|28028 Сом|https://enter.kg//images/stories/virtuemart/product/2(1)_2935.jpg
Acer Aspire A315-34 Black Intel купить Бишкек, Кыргызстан|28128 Сом|https://enter.kg//images/stories/virtuemart/product/2(1)_5232.jpg
HP 15-dw1495nia (6J5C0EA) N4120 Quadcore купить Бишкек, Кыргызстан|28128 Сом|https://enter.kg//images/stories/virtuemart/product/2_6921.jpg
Ноутбук HP 15s-eq1129ur 22V36EA#ACB AMD купить Бишкек, Кыргызстан|28128 Сом|https://enter.kg//images/stories/virtuemart/product/1473317_v04_b_1127.jpg
HP 250 G8 Black Intel купить Бишкек, Кыргызстан|28228 Сом|https://enter.kg//images/stories/virtuemart/product/2_6883.jpg
Lenovo Ideapad S145 Black Ryzen купить Бишкек, Кыргызстан|28228 Сом|https://enter.kg//images/stories/virtuemart/product/2(1)_5079_6115.jpg
Acer Aspire A315-34 Black Intel купить Бишкек, Кыргызстан|28529 Сом|https://enter.kg//images/stories/virtuemart/product/1_3421_5321.jpg
Lenovo Ideapad 3 15ADA6 Arctic купить Бишкек, Кыргызстан|28529 Сом|https://enter.kg//images/stories/virtuemart/product/2(1)_6982.jpg
Lenovo Ideapad 3 15ADA6 Arctic купить Бишкек, Кыргызстан|28529 Сом|https://enter.kg//images/stories/virtuemart/product/2(1)_8162.jpg
Lenovo Ideapad 3 15ADA6 Arctic купить Бишкек, Кыргызстан|28529 Сом|https://enter.kg//images/stories/virtuemart/product/2(1)_4553.jpg
Lenovo Ideapad 3 Silver Intel купить Бишкек, Кыргызстан|28529 Сом|https://enter.kg//images/stories/virtuemart/product/2(1)_2653.jpg
Lenovo Ideapad S145 Black Ryzen купить Бишкек, Кыргызстан|28529 Сом|https://enter.kg//images/stories/virtuemart/product/2(1)_1128.jpg
Ноутбук Gateway ULTRA SLIM i3-1115G4 купить Бишкек, Кыргызстан|28529 Сом|https://enter.kg//images/stories/virtuemart/product/2_2632.jpg
Acer Aspire A315-34 Black Intel купить Бишкек, Кыргызстан|28629 Сом|https://enter.kg//images/stories/virtuemart/product/2(1)_5634.jpg
Ноутбук Acer Aspire 3 A315-35 купить Бишкек, Кыргызстан|28729 Сом|https://enter.kg//images/stories/virtuemart/product/2_4354.jpg
Lenovo Ideapad S145-15API Silver AMD купить Бишкек, Кыргызстан|28829 Сом|https://enter.kg//images/stories/virtuemart/product/2(1)_1919.jpg
Lenovo V15 Celeron DC N4020 купить Бишкек, Кыргызстан|19419 Сом|https://enter.kg//images/stories/virtuemart/product/1_1387.jpg
Lenovo V15 Celeron DC N4020 купить Бишкек, Кыргызстан|19419 Сом|https://enter.kg//images/stories/virtuemart/product/1_5532_5583.jpg
Lenovo V15 Celeron DC N4020 купить Бишкек, Кыргызстан|19920 Сом|https://enter.kg//images/stories/virtuemart/product/1_7426.jpg
Lenovo V15 Celeron DC N4020 купить Бишкек, Кыргызстан|19920 Сом|https://enter.kg//images/stories/virtuemart/product/1_5954_7734.jpg
Ноутбук Lenovo V15, Celeron N4020(up купить Бишкек, Кыргызстан|19920 Сом|https://enter.kg//images/stories/virtuemart/product/2_6370.jpg
Lenovo V15 Celeron DC N4020 купить Бишкек, Кыргызстан|20220 Сом|https://enter.kg//images/stories/virtuemart/product/1_8807_5890.jpg
Ноутбук Lenovo V15, Celeron N4020(up купить Бишкек, Кыргызстан|20220 Сом|https://enter.kg//images/stories/virtuemart/product/2_5153_5796.jpg
Ноутбук Lenovo V14-82C2 Intel N4020 купить Бишкек, Кыргызстан|21021 Сом|https://enter.kg//images/stories/virtuemart/product/1_4407.png
Ноутбук Lenovo V15 IGL, Celeron купить Бишкек, Кыргызстан|21021 Сом|https://enter.kg//images/stories/virtuemart/product/2_5079_7954.jpg
Lenovo V15 Celeron DC N4020 купить Бишкек, Кыргызстан|21321 Сом|https://enter.kg//images/stories/virtuemart/product/1_7648_1586.jpg
Ноутбук Lenovo V15-82C3 Intel N4020 купить Бишкек, Кыргызстан|22022 Сом|https://enter.kg//images/stories/virtuemart/product/1_3344_3597.jpg
"Lenovo IP3 Celeron N4020 1.1-2.8GHz,4GB,1TB,15.6"" купить Бишкек, Кыргызстан"|22823 Сом|https://enter.kg//images/stories/virtuemart/product/1_4801_3627.jpg
HP 250 G8 27K11EA N4020 купить Бишкек, Кыргызстан|22923 Сом|https://enter.kg//images/stories/virtuemart/product/2(1)_1559.jpg
Notebook YEPO Silver Intel Quad купить Бишкек, Кыргызстан|23023 Сом|https://enter.kg//images/stories/virtuemart/product/1_2528_7347_1054.jpg
Lenovo IP3 Celeron DC  купить Бишкек, Кыргызстан|23123 Сом|https://enter.kg//images/stories/virtuemart/product/1_7338.jpg
Lenovo IP3 Celeron DC  купить Бишкек, Кыргызстан|23123 Сом|https://enter.kg//images/stories/virtuemart/product/2_4625.jpg
Ноутбук HP 250 G8 Intel купить Бишкек, Кыргызстан|23223 Сом|https://enter.kg//images/stories/virtuemart/product/2_4640.jpg
Notebook YEPO Silver Intel Quad купить Бишкек, Кыргызстан|23524 Сом|https://enter.kg//images/stories/virtuemart/product/1_6497_1615.jpg
Ноутбук Lenovo V14-82C2 Intel N4020 купить Бишкек, Кыргызстан|23524 Сом|https://enter.kg//images/stories/virtuemart/product/1_3593.png
Ноутбук Lenovo V15-82C3 Intel N4020 купить Бишкек, Кыргызстан|24024 Сом|https://enter.kg//images/stories/virtuemart/product/1_7094.jpg
Lenovo Ideapad S145-15API Silver AMD купить Бишкек, Кыргызстан|24525 Сом|https://enter.kg//images/stories/virtuemart/product/2(1)_1567.jpg
Lenovo Ideapad S145-15API Silver AMD купить Бишкек, Кыргызстан|24525 Сом|https://enter.kg//images/stories/virtuemart/product/2(1)_4398.jpg
Notebook YEPO Silver Intel Quad купить Бишкек, Кыргызстан|24525 Сом|https://enter.kg//images/stories/virtuemart/product/2_5672.jpg
Ноутбук Gateway GWTN156 Intel Pentium купить Бишкек, Кыргызстан|24525 Сом|https://enter.kg//images/stories/virtuemart/product/2_3917_8118.jpg
Ноутбук Lenovo Ideapad IP3 Intel купить Бишкек, Кыргызстан|24525 Сом|https://enter.kg//images/stories/virtuemart/product/2(1)_2524_3988.jpg
Ноутбук HP 250 G8 Intel купить Бишкек, Кыргызстан|24625 Сом|https://enter.kg//images/stories/virtuemart/product/2_3479_7858.jpg
Lenovo Ideapad S145-15API Silver AMD купить Бишкек, Кыргызстан|25025 Сом|https://enter.kg//images/stories/virtuemart/product/2(1)_2226.jpg
Lenovo Ideapad S145-15API Silver AMD купить Бишкек, Кыргызстан|25025 Сом|https://enter.kg//images/stories/virtuemart/product/2(1)_4836.jpg
Acer Aspire A315-34 Black Intel купить Бишкек, Кыргызстан|25125 Сом|https://enter.kg//images/stories/virtuemart/product/2(1)_2358.jpg
Acer Aspire A315-34 Black Intel купить Бишкек, Кыргызстан|25325 Сом|https://enter.kg//images/stories/virtuemart/product/2(1)_8933.jpg
Lenovo Ideapad V14 Iron Grey купить Бишкек, Кыргызстан|25325 Сом|https://enter.kg//images/stories/virtuemart/product/2(1)_3957.jpg
Lenovo Ideapad V14 Iron Grey купить Бишкек, Кыргызстан|25325 Сом|https://enter.kg//images/stories/virtuemart/product/2(1)_8110.jpg
Ноутбук Gateway GWTN156 Intel Pentium купить Бишкек, Кыргызстан|25425 Сом|https://enter.kg//images/stories/virtuemart/product/2_7876_3720.jpg
Acer Aspire A315-34 Black Intel купить Бишкек, Кыргызстан|25526 Сом|https://enter.kg//images/stories/virtuemart/product/2(1)_2569.jpg
Lenovo Ideapad S145-15API Silver AMD купить Бишкек, Кыргызстан|25526 Сом|https://enter.kg//images/stories/virtuemart/product/2(1)_4467.jpg
Lenovo Ideapad S145-15API Silver AMD купить Бишкек, Кыргызстан|25526 Сом|https://enter.kg//images/stories/virtuemart/product/2(1)_7949.jpg
Lenovo Ideapad S145-15API Silver AMD купить Бишкек, Кыргызстан|25526 Сом|https://enter.kg//images/stories/virtuemart/product/2(1)_1204.jpg
Lenovo Ideapad V14 Iron Grey купить Бишкек, Кыргызстан|25526 Сом|https://enter.kg//images/stories/virtuemart/product/2(1)_5931.jpg
Ноутбук HP 240 G8UMA Pentium купить Бишкек, Кыргызстан|25526 Сом|https://enter.kg//images/stories/virtuemart/product/2(1)_3978.jpg
Ноутбук HP 250 G8 Intel купить Бишкек, Кыргызстан|25626 Сом|https://enter.kg//images/stories/virtuemart/product/2_7229.jpg
Acer Aspire A315-34 Black Intel купить Бишкек, Кыргызстан|25726 Сом|https://enter.kg//images/stories/virtuemart/product/2(1)_8483.jpg
HP 15-dw1495nia (6J5C0EA) N4120 Quadcore купить Бишкек, Кыргызстан|25926 Сом|https://enter.kg//images/stories/virtuemart/product/2_7987.jpg
HP 15-dw1495nia (6J5C0EA) N4120 Quadcore купить Бишкек, Кыргызстан|25926 Сом|https://enter.kg//images/stories/virtuemart/product/2_7489.jpg
Lenovo Ideapad S145-15API Silver AMD купить Бишкек, Кыргызстан|26026 Сом|https://enter.kg//images/stories/virtuemart/product/2(1)_2370.jpg
Lenovo Ideapad S145-15API Silver AMD купить Бишкек, Кыргызстан|26026 Сом|https://enter.kg//images/stories/virtuemart/product/2(1)_6299.jpg
Ноутбук HP 240 G8UMA Pentium купить Бишкек, Кыргызстан|26026 Сом|https://enter.kg//images/stories/virtuemart/product/2(1)_1639.jpg
Lenovo Ideapad V14 Iron Grey купить Бишкек, Кыргызстан|26126 Сом|https://enter.kg//images/stories/virtuemart/product/2(1)_3386.jpg
Acer Aspire A315-34 Black Intel купить Бишкек, Кыргызстан|26627 Сом|https://enter.kg//images/stories/virtuemart/product/2(1)_5536.jpg
Acer Aspire A315-34 Black Intel купить Бишкек, Кыргызстан|26627 Сом|https://enter.kg//images/stories/virtuemart/product/2(1)_4457.jpg
Ноутбук Gateway ULTRA SLIM i3-1115G4 купить Бишкек, Кыргызстан|26627 Сом|https://enter.kg//images/stories/virtuemart/product/2_7041.jpg
HP 15-dw1495nia (6J5C0EA) N4120 Quadcore купить Бишкек, Кыргызстан|26727 Сом|https://enter.kg//images/stories/virtuemart/product/2_6478.jpg
Lenovo Ideapad S145-15API Silver AMD купить Бишкек, Кыргызстан|26727 Сом|https://enter.kg//images/stories/virtuemart/product/2(1)_5493.jpg
Ноутбук Gateway ULTRA SLIM i3-1115G4 купить Бишкек, Кыргызстан|26727 Сом|https://enter.kg//images/stories/virtuemart/product/1691494758_11564900_3094.jpg
Acer Aspire A315-34 Black Intel купить Бишкек, Кыргызстан|26827 Сом|https://enter.kg//images/stories/virtuemart/product/2(1)_7110.jpg
HP 240 G8 32M66EA N5030 купить Бишкек, Кыргызстан|26927 Сом|https://enter.kg//images/stories/virtuemart/product/2(1)_3638.jpg
HP 240 G8UMA (32M66EA) Pentium купить Бишкек, Кыргызстан|26927 Сом|https://enter.kg//images/stories/virtuemart/product/1_6230.png
Acer Aspire A315-34 Black Intel купить Бишкек, Кыргызстан|27027 Сом|https://enter.kg//images/stories/virtuemart/product/2(1)_5995.jpg
"Ноутбук ASUS-X543M/Intel N4020/DDR4 4GB/1TB/15.6""/DVDRW/1B-Star Grey/Win10/Rus+Eng купить Бишкек, Кыргызстан"|27027 Сом|https://enter.kg//images/stories/virtuemart/product/1_4771_6308.jpg
Ноутбук Dell 5470 Intel Celeron купить Бишкек, Кыргызстан|27027 Сом|https://enter.kg//images/stories/virtuemart/product/2(1)_3815.jpg
Acer Aspire A315-34 Black Intel купить Бишкек, Кыргызстан|27227 Сом|https://enter.kg//images/stories/virtuemart/product/2(1)_5786.jpg
HP 15-dw1495nia (6J5C0EA) N4120 Quadcore купить Бишкек, Кыргызстан|27327 Сом|https://enter.kg//images/stories/virtuemart/product/2_8078.jpg
Lenovo Ideapad 3 15ADA6 Arctic купить Бишкек, Кыргызстан|27528 Сом|https://enter.kg//images/stories/virtuemart/product/2(1)_5678.jpg
Lenovo Ideapad 3 15ADA6 Arctic купить Бишкек, Кыргызстан|27528 Сом|https://enter.kg//images/stories/virtuemart/product/2(1)_7440.jpg
Lenovo Ideapad 3 Silver Intel купить Бишкек, Кыргызстан|27528 Сом|https://enter.kg//images/stories/virtuemart/product/2(1)_6519.jpg
Lenovo Ideapad S145-15API Silver AMD купить Бишкек, Кыргызстан|27528 Сом|https://enter.kg//images/stories/virtuemart/product/2(1)_8621.jpg
Lenovo Ideapad V14 Iron Grey купить Бишкек, Кыргызстан|27628 Сом|https://enter.kg//images/stories/virtuemart/product/2(1)_3370.jpg
Ноутбук Acer Aspire 3 A315-35 купить Бишкек, Кыргызстан|27628 Сом|https://enter.kg//images/stories/virtuemart/product/2(1)_7424.jpg
Lenovo Ideapad S145-15API Silver AMD купить Бишкек, Кыргызстан|27728 Сом|https://enter.kg//images/stories/virtuemart/product/2(1)_6979.jpg
Lenovo Ideapad 3 Silver Intel купить Бишкек, Кыргызстан|27828 Сом|https://enter.kg//images/stories/virtuemart/product/2(1)_7956.jpg
Lenovo Ideapad S145-15API Silver AMD купить Бишкек, Кыргызстан|27828 Сом|https://enter.kg//images/stories/virtuemart/product/2(1)_1179.jpg
Lenovo V14 Celeron DC N4020 купить Бишкек, Кыргызстан|27928 Сом|https://enter.kg//images/stories/virtuemart/product/ww-lenovo-laptop-v14-amd-hero_3169.webp
Ноутбук Lenovo IdeaPad L3 15ITL6 купить Бишкек, Кыргызстан|27928 Сом|https://enter.kg//images/stories/virtuemart/product/2(1)_5802.jpg
Acer Aspire A315-34 Black Intel купить Бишкек, Кыргызстан|28028 Сом|https://enter.kg//images/stories/virtuemart/product/2(1)_8285_6555.jpg
HP 250 G8 Black Intel купить Бишкек, Кыргызстан|28028 Сом|https://enter.kg//images/stories/virtuemart/product/2_4786.jpg
HP 250 G8 Black Intel купить Бишкек, Кыргызстан|28028 Сом|https://enter.kg//images/stories/virtuemart/product/2_6583.jpg
Lenovo Ideapad 3 15ADA6 Arctic купить Бишкек, Кыргызстан|28028 Сом|https://enter.kg//images/stories/virtuemart/product/2(1)_1334.jpg
Lenovo Ideapad 3 15ADA6 Arctic купить Бишкек, Кыргызстан|28028 Сом|https://enter.kg//images/stories/virtuemart/product/2(1)_7258.jpg
Lenovo Ideapad 3 Silver Intel купить Бишкек, Кыргызстан|28028 Сом|https://enter.kg//images/stories/virtuemart/product/2(1)_3543.jpg
Lenovo Ideapad S145 Black Ryzen купить Бишкек, Кыргызстан|28028 Сом|https://enter.kg//images/stories/virtuemart/product/2(1)_2344.jpg
Lenovo Ideapad S145 Black Ryzen купить Бишкек, Кыргызстан|28028 Сом|https://enter.kg//images/stories/virtuemart/product/2(1)_4014.jpg
Ноутбук Dell 5470 Intel Celeron купить Бишкек, Кыргызстан|28028 Сом|https://enter.kg//images/stories/virtuemart/product/2(1)_8528.jpg
Ноутбук Gateway ULTRA SLIM i3-1115G4 купить Бишкек, Кыргызстан|28028 Сом|https://enter.kg//images/stories/virtuemart/product/2_8942.jpg
Ноутбук HP 15s-eq1136ur 22P99EA#ACB AMD купить Бишкек, Кыргызстан|28028 Сом|https://enter.kg//images/stories/virtuemart/product/1_1655.jfif
Ноутбук HP 240 G8UMA Pentium купить Бишкек, Кыргызстан|28028 Сом|https://enter.kg//images/stories/virtuemart/product/2(1)_3357.jpg
Ноутбук Lenovo IdeaPad L3 15ITL6 купить Бишкек, Кыргызстан|28028 Сом|https://enter.kg//images/stories/virtuemart/product/2(1)_2935.jpg
Acer Aspire A315-34 Black Intel купить Бишкек, Кыргызстан|28128 Сом|https://enter.kg//images/stories/virtuemart/product/2(1)_5232.jpg
HP 15-dw1495nia (6J5C0EA) N4120 Quadcore купить Бишкек, Кыргызстан|28128 Сом|https://enter.kg//images/stories/virtuemart/product/2_6921.jpg
Ноутбук HP 15s-eq1129ur 22V36EA#ACB AMD купить Бишкек, Кыргызстан|28128 Сом|https://enter.kg//images/stories/virtuemart/product/1473317_v04_b_1127.jpg
HP 250 G8 Black Intel купить Бишкек, Кыргызстан|28228 Сом|https://enter.kg//images/stories/virtuemart/product/2_6883.jpg
Lenovo Ideapad S145 Black Ryzen купить Бишкек, Кыргызстан|28228 Сом|https://enter.kg//images/stories/virtuemart/product/2(1)_5079_6115.jpg
Acer Aspire A315-34 Black Intel купить Бишкек, Кыргызстан|28529 Сом|https://enter.kg//images/stories/virtuemart/product/1_3421_5321.jpg
Lenovo Ideapad 3 15ADA6 Arctic купить Бишкек, Кыргызстан|28529 Сом|https://enter.kg//images/stories/virtuemart/product/2(1)_6982.jpg
Lenovo Ideapad 3 15ADA6 Arctic купить Бишкек, Кыргызстан|28529 Сом|https://enter.kg//images/stories/virtuemart/product/2(1)_8162.jpg
Lenovo Ideapad 3 15ADA6 Arctic купить Бишкек, Кыргызстан|28529 Сом|https://enter.kg//images/stories/virtuemart/product/2(1)_4553.jpg
Lenovo Ideapad 3 Silver Intel купить Бишкек, Кыргызстан|28529 Сом|https://enter.kg//images/stories/virtuemart/product/2(1)_2653.jpg
Lenovo Ideapad S145 Black Ryzen купить Бишкек, Кыргызстан|28529 Сом|https://enter.kg//images/stories/virtuemart/product/2(1)_1128.jpg
Ноутбук Gateway ULTRA SLIM i3-1115G4 купить Бишкек, Кыргызстан|28529 Сом|https://enter.kg//images/stories/virtuemart/product/2_2632.jpg
Acer Aspire A315-34 Black Intel купить Бишкек, Кыргызстан|28629 Сом|https://enter.kg//images/stories/virtuemart/product/2(1)_5634.jpg
Ноутбук Acer Aspire 3 A315-35 купить Бишкек, Кыргызстан|28729 Сом|https://enter.kg//images/stories/virtuemart/product/2_4354.jpg
Lenovo Ideapad S145-15API Silver AMD купить Бишкек, Кыргызстан|28829 Сом|https://enter.kg//images/stories/virtuemart/product/2(1)_1919.jpg
